dummy,newshead,date,office,title,attacker,advantage,Evaluated,namming,partiality,Sum,URL
_,1100801.202,20201211,조선일보,새살림 차린다고 모친과 아들 장롱속에...40대 남성 무기징역,남성,0,0,1,0,1,https://www.chosun.com/national/court_law/2020/12/11/4FDTHI23ONC5XAYW2VQCAKMC4A/?utm_source=bigkinds&utm_medium=original&utm_campaign=news
_,2100801.202,20201211,아시아경제,"'헤어지자'는 연인 말에 분노 살해 시신 유기한 남성 2명, 경찰에 붙잡혀",남성,1,0,0,0,1,https://www.asiae.co.kr/article/2020121121110312935
_,2100801.202,20201211,아시아경제,동거녀 살해 후 시신 훼손 유기한 60대 구속,남성,0,0,0,1,1,https://www.asiae.co.kr/article/2020121120465060406
_,1100901.202,20201211,중앙일보,모친과 친아들 살해 후 장롱 유기 40대 1심서 무기징역,남성,0,0,0,0,0,https://news.joins.com/article/olink/23538214
_,8100201.202,20201211,MBC,"[단독] ""헤어지자""는 여성 찾아가 살해 후 암매장",남성,1,0,0,0,1,https://imnews.imbc.com/replay/2020/nwdesk/article/6024425_32524.html
_,1500151.202,20201211,경남도민일보,내연관계 상대 살해한 50대 6년 만에 기소,남성,0,0,0,0,0,http://www.idomin.com/news/articleView.html?idxno=747534
_,1500701.202,20201211,부산일보,양산 동거녀 살해 혐의 60대 동거남 구속,남성,0,0,0,0,0,http://www.busan.com/view/busan/view.php?code=2020121121502387849
_,1500701.202,20201211,부산일보,"양산 동거녀 살해, 시신 훼손 유기한 60대 구속 ""증거인멸 도주 우려""",남성,0,0,0,1,1,http://www.busan.com/view/busan/view.php?code=2020121121110247347
_,2100851.202,20201211,아주경제,'70대 노모 5살 아들 살해 장롱은닉' 40대남성 무기징역 선고,남성,0,0,0,0,0,http://www.ajunews.com/view/20201211110144583
_,2100201.202,20201211,머니투데이,새살림 반대한다고 모친 아들 살해 후 은닉한 40대  1심 무기징역,남성,1,0,0,0,1,http://news.moneytoday.co.kr/view/mtview.php?no=2020121111034348566&type=2
_,2100701.202,20201211,헤럴드경제,동거녀 살해 후 시신 훼손 유기한 60대 구속,남성,0,0,0,1,1,http://biz.heraldcorp.com/view.php?ud=20201211000764
_,8100401.202,20201210,YTN,'PC방 손님 살해' 50대 종업원 2심도 징역 15년,남성,0,0,0,0,0,https://www.ytn.co.kr/_ln/0115_202012100938146027
_,8100401.202,20201210,YTN,"여성 2명 살해한 최신종, 사형 구형한 검사 노려보며 돌발행동",남성,-1,0,0,1,0,https://www.ytn.co.kr/_ln/0103_202012101702300431
_,8100401.202,20201210,YTN,고양서 60대 친모 마구 때려 살해한 30대 아들 체포,남성,0,0,0,0,0,https://www.ytn.co.kr/_ln/0103_202012101527150691
_,1600801.202,20201210,전남일보,'가출팸' 동료 살해 암매장한 오산 백골 사건 주범 징역 30년 확정,남성,0,0,1,0,1,https://www.jnilbo.com/view/media/view?code=2020121016435518039
_,2100601.202,20201210,한국경제,‘골프채 아내 살해’ 유승현 전 김포시의장 대법서 징역 7년 확정,남성,0,0,0,1,1,https://www.hankyung.com/society/article/2020121047657
_,1100401.202,20201210,동아일보,‘판결 불복’ 9세 아이 여행가방 살해한 계모 항소,여성,-1,0,0,0,-1,https://www.donga.com/news/article/all/20201210/104378046/2
_,8100301.202,20201210,SBS,"골절에 장기도 끊긴 16개월 아기 ""살인죄 적용해야""",여성,-1,0,0,0,-1,https://news.sbs.co.kr/news/endPage.do?news_id=N1006115212&plink=ORI&cooper=ETC
_,1100611.202,20201210,서울신문,동거녀 살해 후 시신 불태운 50대 구속영장 시신 일부 발견,남성,1,0,0,1,2,http://www.seoul.co.kr/news/newsView.php?id=20201210500024
_,1100611.202,20201210,서울신문,“계획적 범행” 지인 살해 20대 항소심서도 징역 18년,남성,-1,0,0,0,-1,http://www.seoul.co.kr/news/newsView.php?id=20201210500019
_,1100501.202,20201210,문화일보,제주 도두동 아르바이트 귀갓길 여성 살해범 무기징역 선고,남성,0,0,0,1,1,http://www.munhwa.com/news/view.html?no=20201210MW141229901995
_,1100501.202,20201210,문화일보,양산 동거녀 살해후 시신훼손 동거남 구속영장,남성,0,0,0,0,0,http://www.munhwa.com/news/view.html?no=20201210MW090246779749
_,1200201.202,20201210,경인일보,"70대 요양보호사 무참히 살해 檢, 50대男에 징역 25년 구형",남성,0,0,0,0,0,http://www.kyeongin.com/main/view.php?key=20201209010001968
_,1101001.202,20201210,한겨레,양산 살인사건 용의자 동거남 구속영장 신청,남성,0,0,0,0,0,http://www.hani.co.kr/arti/area/yeongnam/973580.html
_,1601001.202,20201210,전북도민일보,"지인 흉기로 살해 20대, 항소심도 18년 중형",남성,0,0,0,0,0,http://www.domin.co.kr/news/articleView.html?idxno=1320797
_,1500701.202,20201210,부산일보,"양산 피살 시신 DNA, 가출 동거녀 것으로 확인(종합)",남성,0,0,0,1,1,http://www.busan.com/view/busan/view.php?code=2020121010132818486
_,1500701.202,20201210,부산일보,[속보] 양산 살인사건 용의자 집에서 발견된 혈흔은 동거녀 경찰 구속영장 신청(1보),남성,0,0,0,1,1,http://www.busan.com/view/busan/view.php?code=2020121009162606429
_,2100201.202,20201210,머니투데이,내연남 목졸라 살해한 50대 6년만에 기소 이유는?,여성,0,-1,0,1,0,http://news.moneytoday.co.kr/view/mtview.php?no=2020121018462366979&type=2
_,2100201.202,20201210,머니투데이,양산 쓰레기더미 '훼손 시신' 나머지도 발견 동거남 구속영장,남성,0,0,1,-1,0,http://news.moneytoday.co.kr/view/mtview.php?no=2020121009491754024&type=2
_,2100101.202,20201210,매일경제,친구 폭행당하자 앙심 품고 지인 살해한 20대 징역 18년,남성,1,0,0,0,1,http://news.mk.co.kr/newsRead.php?no=1267859&year=2020
_,1100201.202,20201210,국민일보,BJ에 빠져 살인까지 제주 오일장 살인범 무기징역,남성,-1,0,0,0,-1,http://news.kmib.co.kr/article/view.asp?arcid=0015308107&code=61121311&cp=kd
_,1100101.202,20201210,경향신문,BJ에 돈 탕진하고 귀가여성 강도살인한 20대 무기징역,남성,-1,0,0,1,0,http://news.khan.co.kr/kh_news/khan_art_view.html?artid=202012101610001&code=940301
_,8100101.202,20201210,KBS,‘BJ’에 돈 탕진하고 ‘묻지마 강도 살인’ 엄벌,남성,0,0,1,0,1,http://news.kbs.co.kr/news/view.do?ncd=5068729&amp;ref=DA
_,8100101.202,20201209,KBS,지적장애 여성 감금 폭행해 살해한 주범 항소심서 ‘무기징역’,남성,0,-1,0,1,0,http://news.kbs.co.kr/news/view.do?ncd=5067561&amp;ref=DA
_,1100101.202,20201209,경향신문,"“잔혹하고 비인간적, 반성도 안해” 장애여성 살인 항소심서 ‘무기징역’",남성,0,-1,0,1,0,http://news.khan.co.kr/kh_news/khan_art_view.html?artid=202012091306001&code=940301
_,1100201.202,20201209,국민일보,시신 묻고 시멘트까지 부었다 끔찍했던 익산살인 전모,남성,-1,-1,1,0,-1,http://news.kmib.co.kr/article/view.asp?arcid=0015304300&code=61121211&cp=kd
_,2100101.202,20201209,매일경제,"`양육 스트레스 때문에 학대 ` 16개월 입양아 숨지게 한 엄마, 구속기소",여성,1,0,0,-1,0,http://news.mk.co.kr/newsRead.php?no=1263836&year=2020
_,2100201.202,20201209,머니투데이,"토치로 화상 입히고, 살해 후 시멘트 덮고...익산 원룸서 벌어진 일",남성,0,0,0,0,0,http://news.moneytoday.co.kr/view/mtview.php?no=2020120917061234672&type=2
_,1500701.202,20201209,부산일보,"""잔혹하고 비인간적"" 지적장애 여성 학대 살해하고 암매장한 일당",남성,0,-1,0,1,0,http://www.busan.com/view/busan/view.php?code=2020120911502205996
_,1601001.202,20201209,전북도민일보,익산 장애 여성 살해 일당 항소심서 형량 높아져,남성,0,0,0,1,1,http://www.domin.co.kr/news/articleView.html?idxno=1320589
_,1101001.202,20201209,한겨레,"성착취 감추려 장애 여성 살해한 일당, 항소심서 무기징역",남성,0,0,0,1,1,http://www.hani.co.kr/arti/area/honam/973455.html
_,1500901.202,20201209,울산매일,우퍼 스피커로 층간소음 맞대응한 아래층 주민 위협한 60대 벌금형,남성,0,0,1,0,1,http://www.iusm.co.kr/news/articleView.html?idxno=895008
_,1601101.202,20201209,전북일보,지적장애 동거녀 살해 암매장 주범 항소심서 무기징역형,남성,0,0,1,1,2,http://www.jjan.kr/news/articleView.html?idxno=2097784
_,1100501.202,20201209,문화일보,‘16개월 입양아 사망’ 엄마 기소 검찰 “학대로 췌장 절단돼 숨져”,여성,-1,0,0,-1,-2,http://www.munhwa.com/news/view.html?no=2020120901071003349002
_,1100701.202,20201209,세계일보,“30년도 가벼워” 장애여성 고문 암매장한 일당에 최고 ‘무기징역’,남성,0,-1,1,1,1,http://www.segye.com/content/html/2020/12/09/20201209518586.html
_,1500601.202,20201209,매일신문,"'16개월 입양아 학대 사망' 엄마 기소 ""부검 결과, 복부 손상""",여성,0,0,0,-1,-1,https://news.imaeil.com/Society/2020120910055884467
_,1100901.202,20201209,중앙일보,‘16개월 입양아 학대 전신 골절 출혈 사망’ 엄마 구속기소,여성,-1,0,0,-1,-2,https://news.joins.com/article/olink/23535874
_,2100801.202,20201209,아시아경제,양산 쓰레기더미 시신 유기 유력 용의자 '피해 여성의 동거남',남성,0,0,1,0,1,https://www.asiae.co.kr/article/2020120913301697207
_,8100301.202,20201209,SBS,"췌장 끊어질 정도로 때린 엄마 ""살인죄 적용하라""",여성,-1,-1,0,0,-2,https://news.sbs.co.kr/news/endPage.do?news_id=N1006114734&plink=ORI&cooper=ETC
_,2100311.202,20201209,서울경제,경남 양산 '쓰레기더미 유기' 중년여성 살해범 체포,남성,0,0,1,1,2,http://www.sedaily.com/NewsView/1ZBM6UBVXM
_,1100501.202,20201209,문화일보,양산 절단 여성사체 용의자 집서 혈흔 발견,남성,0,0,1,1,2,http://www.munhwa.com/news/view.html?no=20201209MW115318811452
_,1500151.202,20201209,경남도민일보,양산서 여성시신 훼손 유기 용의자 체포,남성,0,0,1,1,2,http://www.idomin.com/news/articleView.html?idxno=747188
_,1101001.202,20201209,한겨레,양산 토막살인 피해자 용의자의 실종된 동거녀일 수도,남성,0,0,0,1,1,http://www.hani.co.kr/arti/area/yeongnam/973434.html
_,1601001.202,20201209,전북도민일보,익산 장애 여성 살해 일당 항소심서 형량 높아져,남성,0,0,0,0,0,http://www.domin.co.kr/news/articleView.html?idxno=1320589
_,1500701.202,20201209,부산일보,[속보] 양산 쓰레기더미 시신 유력 범인은 동거남,남성,0,0,1,-1,0,http://www.busan.com/view/busan/view.php?code=2020120913114347093
_,1500701.202,20201209,부산일보,여성 시신 훼손해 유기한 용의자는 피해 여성의 동거인으로 추정,남성,0,0,1,1,2,http://www.busan.com/view/busan/view.php?code=2020120912562120111
_,8100101.202,20201209,KBS,지적장애 여성 감금 폭행해 살해한 주범 항소심서 ‘무기징역’,남성,0,-1,0,1,0,http://news.kbs.co.kr/news/view.do?ncd=5067561&amp;ref=DA
_,8100101.202,20201209,KBS,"양산 시신 훼손 수사 진행 용의자, 혐의 부인",남성,0,0,0,0,0,http://news.kbs.co.kr/news/view.do?ncd=5067542&amp;ref=DA
_,1200101.202,20201208,경기일보,"인제 등산로 살해 피고인 ""할말 없다"" 정신감정 정상 반성없어",남성,-1,-1,0,0,-2,www.kyeonggi.com/news/articleView.html?idxno=2332883
_,8100401.202,20201208,YTN,"""아내 죽였다"" 자수한 30대男 구속상태로 검찰 송치",남성,0,0,0,0,0,https://www.ytn.co.kr/_ln/0103_202012081852205901
_,2100601.202,20201208,한국경제,"""일 못한다"" 직원 고무망치로 때리고 흉기로 찌른 사장 '징역 10년'",남성,1,0,0,0,1,https://www.hankyung.com/society/article/2020120867767
_,1100901.202,20201208,중앙일보,월급 180만원 3일 만에 탕진 후 물건 훔치려다 살인 法 “징역 25년”,남성,-1,-1,0,0,-2,https://news.joins.com/article/olink/23534740
_,1500601.202,20201208,매일신문,[속보] 양산 여성 살인 훼손 유기 용의자 체포 50대 남성,남성,0,0,0,0,0,https://news.imaeil.com/Society/2020120817542583633
_,1100611.202,20201208,서울신문,쓰레기더미에 훼손된 여성 시신이 용의자 50대男 체포(종합),남성,0,0,1,0,1,http://www.seoul.co.kr/news/newsView.php?id=20201208500189
_,1100701.202,20201208,세계일보,경남 양산 여성 신체훼손 살인사건 50대 용의자 검거,남성,0,0,0,1,1,http://www.segye.com/content/html/2020/12/08/20201208521454.html
_,1600501.202,20201208,무등일보,'택시서 흡연' 친구 살해범 항소심도 징역12년,남성,1,0,0,0,1,http://www.honam.co.kr/detail/c3QycN/635670
_,1500701.202,20201208,부산일보,여성 시신 쓰레기더미에 유기 방화 50대 남성 긴급 체포 (종합),남성,0,0,0,0,0,http://www.busan.com/view/busan/view.php?code=2020120819240770005
_,1500701.202,20201208,부산일보,[속보] 양산 쓰레기더미 훼손 시신 유기 용의자 체포 50대 남성,남성,0,0,1,0,1,http://www.busan.com/view/busan/view.php?code=2020120817441551405
_,1100201.202,20201208,국민일보,[속보] 쓰레기더미 훼손 시신 유기 용의자 체포 50대 남성,남성,0,0,1,0,1,http://news.kmib.co.kr/article/view.asp?arcid=0015301038&code=61121111&cp=kd
_,2100701.202,20201208,헤럴드경제,쓰레기더미서 훼손된 시신이 50대 남성 체포,남성,0,0,1,0,1,http://biz.heraldcorp.com/view.php?ud=20201208001082
_,1400501.202,20201207,중부일보,"檢, ‘여성 2명 연쇄살해’ 최신종에 사형 구형 “사회와 격리 필요”",남성,-1,0,0,0,-1,www.joongboo.com/news/articleView.html?idxno=363460320
_,8100401.202,20201207,YTN,추석 전날 누나 부부에 흉기 휘두른 60대男 구속영장,남성,0,0,0,0,0,https://www.ytn.co.kr/_ln/0103_202012071402502966
_,1100401.202,20201207,동아일보,"대법, '부천 링거 살인사건' 간호조무사 징역 30년 확정",여성,0,0,0,0,0,https://www.donga.com/news/article/all/20201207/104324737/2
_,1100401.202,20201207,동아일보,화성서 50대 여성 동거중이던 남성 흉기로 찔러 살해,여성,0,0,0,0,0,https://www.donga.com/news/article/all/20201207/104321132/2
_,1100901.202,20201207,중앙일보,"""여친이 나 무시했다"" 살해 후 유기, 경찰 수사나서자 자수했다",남성,1,0,0,0,1,https://news.joins.com/article/olink/23534038
_,1101101.202,20201207,한국일보,“날 무시해서...” 여자친구 살해 후 시신 유기한 30대 긴급체포,남성,1,0,0,0,1,https://hankookilbo.com/News/Read/A2020120713310004425
_,1100701.202,20201207,세계일보,"애인 살해 뒤 시신 유기 경찰, 30대 남성 긴급체포",남성,0,0,0,0,0,http://www.segye.com/content/html/2020/12/07/20201207511876.html
_,8200101.202,20201207,OBS,여자친구 살해 후 시신 유기 30대 남성 긴급체포,남성,0,0,0,0,0,http://www.obsnews.co.kr/news/articleView.html?idxno=1243816
_,1100501.202,20201207,문화일보,애인 살해 후 시신 유기한 30대 남성 긴급체포,남성,0,0,0,0,0,http://www.munhwa.com/news/view.html?no=20201207MW142138980168
_,1200201.202,20201207,경인일보,수원서 20대 여자친구 살해 후 충주 농수로 유기한 30대 자수,남성,0,0,0,1,1,http://www.kyeongin.com/main/view.php?key=20201207010001283
_,2100201.202,20201207,머니투데이,"여자친구 살해 후 시신 유기한 30대 수사 시작되자, 자수",남성,0,0,0,1,1,http://news.moneytoday.co.kr/view/mtview.php?no=2020120713322989241&type=2
_,1100201.202,20201207,국민일보,20대 여친 살해 후 농수로 유기한 30대 남성 긴급체포,남성,0,0,0,0,0,http://news.kmib.co.kr/article/view.asp?arcid=0015295382&code=61121211&cp=kd
_,1600501.202,20201206,무등일보,죽은 자식 냉장고에 2년간 보관한 엄마 송치,여성,0,0,0,0,0,http://www.honam.co.kr/detail/c3QycN/635453
_,2100201.202,20201206,머니투데이,"익산 베란다 살인, 지적장애인 골라 납치 고문 성착취 ""이토록 잔인할 수가""",남성,0,-1,0,0,-1,http://news.moneytoday.co.kr/view/mtview.php?no=2020120607485389361&type=2
_,1100611.202,20201204,서울신문,“친구 살해 후 가방에” 20대 공판 “인간이 어떻게” 유족 분통,남성,-1,-1,0,0,-2,http://www.seoul.co.kr/news/newsView.php?id=20201204500204
_,1100201.202,20201204,국민일보,친구 살해 후 가방유기한 20대 “인간이 어떻게” 유족 울분,남성,0,-1,0,0,-1,http://news.kmib.co.kr/article/view.asp?arcid=0015288337&code=61121311&cp=kd
_,8100401.202,20201203,YTN,'금오도 아내 차량 추락 사건' 남편 살인 혐의 무죄,남성,0,0,0,0,0,https://www.ytn.co.kr/_ln/0103_202012031503197311
_,2100311.202,20201203,서울경제,'장롱 영아 시신' 친모 동거인 1심 징역 10년,남성,0,0,1,1,2,http://www.sedaily.com/NewsView/1ZBJHVN26N
_,2100311.202,20201203,서울경제,생후1개월 영아 방치해 사망 ...20대 친모 동거인 징역 10년,남성,0,0,0,1,1,http://www.sedaily.com/NewsView/1ZBJHOVD5J
_,1100201.202,20201203,국민일보,‘장롱 속 영아 시신’ 친모 동거인 징역 10년 선고,남성,0,0,0,1,1,http://news.kmib.co.kr/article/view.asp?arcid=0015284384&code=61121111&cp=kd
_,2100701.202,20201203,헤럴드경제,"‘장롱 속 영아 시신’ 20대 친모 동거인, 1심서 징역 10년",남성,0,0,0,1,1,http://biz.heraldcorp.com/view.php?ud=20201203000954
_,1100901.202,20201202,중앙일보,"살인 택시기사 집마당 묻힌 돈다발, 지적장애인 피눈물이었다",남성,0,0,1,0,1,https://news.joins.com/article/olink/23530490
_,1500601.202,20201202,매일신문,강도살인 복역 택시기사 사기 혐의 추가 기소,남성,0,0,0,0,0,https://news.imaeil.com/Society/2020120215242589526
_,1100701.202,20201202,세계일보,동거녀 만난다고 이웃 살해 징역 20년 확정,남성,1,0,0,1,2,http://www.segye.com/content/html/2020/12/01/20201201521885.html
_,2100311.202,20201202,서울경제,"몽골여성 강도살해범, 장애인 노예생활 보상금까지 가로채",남성,0,0,0,1,1,http://www.sedaily.com/NewsView/1ZBJ0SNC0I
_,8100401.202,20201201,YTN,이별통보 받고 휴가 나가 연인 잔혹 살해 군인 징역 30년,남성,1,-1,0,0,0,https://www.ytn.co.kr/_ln/0103_202012011402489825
_,2100601.202,20201201,한국경제,"""내연 관계 폭로할 것"" 협박에 교통사고로 위장 살해 '중형'",남성,1,0,0,0,1,https://www.hankyung.com/society/article/2020120112517
_,1100401.202,20201201,동아일보,'부천 링거 살인사건' 간호조무사 항소심도 징역 30년,여성,0,0,0,0,0,https://www.donga.com/news/article/all/20201201/104232897/2
_,1100801.202,20201201,조선일보,남친에 마취제 과다투약 '링거살인' 간호조무사 2심도 징역 30년,여성,0,0,0,1,1,https://www.chosun.com/national/regional/gyeonggi-incheon/2020/12/01/7UWPCFZZPVALJEOUFYU37FEY6A/?utm_source=bigkinds&utm_medium=original&utm_campaign=news
_,2100311.202,20201201,서울경제,미리 준비한 흉기로 살인하고 심신미약 주장 대법원 “징역 20년 확정”,남성,0,-1,0,0,-1,http://www.sedaily.com/NewsView/1ZBIK8N6L5
_,1100611.202,20201130,서울신문,16년 간병한 형 목졸라 죽인 동생 어머니는 숨죽여 울었다,남성,0,0,1,0,1,http://www.seoul.co.kr/news/newsView.php?id=20201130500068
_,2100201.202,20201130,머니투데이,만취해 '16년 돌본' 장애인 형 살해한 동생 감형된 이유는,남성,1,0,0,0,1,http://news.moneytoday.co.kr/view/mtview.php?no=2020113007585878956&type=2
_,1100201.202,20201130,국민일보,만취해 16년 간병한 장애인 형 살해 40대 감형 이유는,남성,1,0,0,0,1,http://news.kmib.co.kr/article/view.asp?arcid=0015270575&code=61121311&cp=kd
_,1200101.202,20201127,경기일보,인제 등산객 '묻지마 살인' 20대 남성 첫 공판서 치료감호 요청,남성,0,-1,0,-1,-2,www.kyeonggi.com/news/articleView.html?idxno=2330968
_,1100801.202,20201127,조선일보,"전세살이 남편, 아내 살해 후...여섯살 딸만 남은 ‘아파트값 비극'",남성,1,0,0,0,1,https://www.chosun.com/national/2020/11/27/SQU5NY3QMZAK7K2TEOBMEPGPHU/?utm_source=bigkinds&utm_medium=original&utm_campaign=news
_,2100801.202,20201127,아시아경제,남편 외도 의심하다 결국 살해한 50대 '징역 17년',여성,1,-1,0,0,0,https://www.asiae.co.kr/article/2020112708020241573
_,1100611.202,20201127,서울신문,"‘부천 링거 살인’ 간호조무사, 징역 30년 확정",여성,0,0,0,0,0,http://www.seoul.co.kr/news/newsView.php?id=20201127009003
_,1100701.202,20201127,세계일보,"""설령 외도가 사실이더라도 정으로 아껴줘야"" 바람 의심해 남편 살해한 50대 징역 17년형",여성,0,-1,0,0,-1,http://www.segye.com/content/html/2020/11/27/20201127514046.html
_,1101001.202,20201127,한겨레,"대구 새마을금고 살인 사건, 범인도 사흘 만에 숨져",남성,0,0,0,0,0,http://www.hani.co.kr/arti/area/yeongnam/971802.html
_,2100201.202,20201127,머니투데이,"""외도했냐"" 남편 중요부위 내리찍고 상처에 소금 뿌려 결국 살해",여성,-1,-1,0,0,-2,http://news.moneytoday.co.kr/view/mtview.php?no=2020112707113979504&type=2
_,2100201.202,20201127,머니투데이,"""남친 링거살인 맞다"" 간호조무사 징역30년 확정 증거는 '투약량'",여성,-1,0,0,0,-1,http://news.moneytoday.co.kr/view/mtview.php?no=2020112615221560459&type=2
_,8100401.202,20201126,YTN,내연녀 살해해 바다에 버린 30대男 부인은 범행 은폐 도와,남성,0,0,0,0,0,https://www.ytn.co.kr/_ln/0103_202011261203415513
_,2100601.202,20201126,한국경제,분당 70대女 2명 흉기 피살 용의자는 이웃 남성,남성,0,0,1,0,1,https://www.hankyung.com/society/article/2020112662987
_,1100801.202,20201126,조선일보,수면제 먹인 아들 흉기로 ‘광기 살인’ 30대 엄마 징역 16년,여성,-1,0,0,0,-1,https://www.chosun.com/national/incident/2020/11/26/3XLFHA7MMZGCVIKNEBWTAZPCXI/?utm_source=bigkinds&utm_medium=original&utm_campaign=news
_,2100801.202,20201126,아시아경제,"""우울증 때문에"" 중학생 아들 수면제로 재운 뒤 살해한 엄마, 징역 16년",여성,-1,0,0,0,-1,https://www.asiae.co.kr/article/2020112619191570324
_,2100801.202,20201126,아시아경제,"'부천 링거 살인사건' 대법, 간호조무사에 징역 30년",여성,0,0,0,0,0,https://www.asiae.co.kr/article/2020112611104940843
_,1101101.202,20201126,한국일보,중학생 아들 수면제 먹여 살해한 엄마 징역 16년,여성,0,0,0,0,0,https://hankookilbo.com/News/Read/A2020112616090001449
_,1100611.202,20201126,서울신문,유흥업소 출입 의심해 링거살인 간호조무사 징역 30년(종합),여성,1,0,0,0,1,http://www.seoul.co.kr/news/newsView.php?id=20201126500049
_,1100611.202,20201126,서울신문,‘부천 링거 살인사건’ 간호조무사 오늘 대법 선고,여성,0,0,0,0,0,http://www.seoul.co.kr/news/newsView.php?id=20201126500010
_,1100701.202,20201126,세계일보,중학생 아들 수면제 먹이고 살해한 30대 엄마...징역 16년,여성,0,0,0,0,0,http://www.segye.com/content/html/2020/11/26/20201126523847.html
_,1100701.202,20201126,세계일보,'부천 링거 살인사건' 간호조무사 징역 30년 확정,여성,0,0,0,0,0,http://www.segye.com/content/html/2020/11/26/20201126509162.html
_,2100311.202,20201126,서울경제,'부천 링거 살인사건' 간호조무사 징역 30년 확정,여성,0,0,0,0,0,http://www.sedaily.com/NewsView/1ZAK3AYXWD
_,8200101.202,20201126,OBS,"검찰, 관리소장 살해한 입주자 대표 구속 기소",남성,0,0,0,0,0,http://www.obsnews.co.kr/news/articleView.html?idxno=1242407
_,8200101.202,20201126,OBS,'부천 링거 살인사건' 간호조무사 징역 30년 확정,여성,0,0,0,0,0,http://www.obsnews.co.kr/news/articleView.html?idxno=1242401
_,1101001.202,20201126,한겨레,관리비 갈등 끝에 아파트 관리소장 살해 입주자대표 구속기소,남성,1,0,0,0,1,http://www.hani.co.kr/arti/area/capital/971597.html
_,1500701.202,20201126,부산일보,"중학생 아들 수면제 먹여 흉기로 살해 30대 엄마, 징역 16년",여성,0,0,0,0,0,http://www.busan.com/view/busan/view.php?code=2020112621364068606
_,2100851.202,20201126,아주경제,"대법, '남친 링거살인’ 간호조무사 징역 30년 확정",여성,0,0,0,0,0,http://www.ajunews.com/view/20201126103851069
_,2100201.202,20201126,머니투데이,"""남친과 극단적 선택"" 간호조무사, 법원은 ""아니다"" 징역 30년 판결",여성,-1,0,0,0,-1,http://news.moneytoday.co.kr/view/mtview.php?no=2020112610481537421&type=2
_,2100101.202,20201126,매일경제,피로회복제로 속여 연인에게 치사량 마취제 투여 징역 30년 확정,여성,0,0,0,0,0,http://news.mk.co.kr/newsRead.php?no=1217774&year=2020
_,2100101.202,20201126,매일경제,"""헤어지자""는 여친 살해하고 `살인 안 들키는 법` 검색한 20대",남성,0,0,0,1,1,http://news.mk.co.kr/newsRead.php?no=1217657&year=2020
_,1100201.202,20201126,국민일보,성매매 의심해 남친 링거살인 간호조무사 30년형 확정,여성,-1,0,0,0,-1,http://news.kmib.co.kr/article/view.asp?arcid=0015258941&code=61121311&cp=kd
_,1100201.202,20201126,국민일보,휴가나와 여자친구 잔혹 살해 현역 군인 징역 30년,남성,0,0,0,1,1,http://news.kmib.co.kr/article/view.asp?arcid=0015257965&code=61121111&cp=kd
_,1100101.202,20201126,경향신문,"‘부천 링거 사망사건’ 간호조무사, 징역 30년 확정",여성,0,0,0,0,0,http://news.khan.co.kr/kh_news/khan_art_view.html?artid=202011261036001&code=940301
_,2100701.202,20201126,헤럴드경제,‘성매매 의심’ 링거로 남친 살인한 간호조무사 징역 30년 확정,여성,-1,0,0,0,-1,http://biz.heraldcorp.com/view.php?ud=20201126000352
_,2100601.202,20201125,한국경제,“내가 해결해줄게” 친구 대신 복수나서 살해까지 한 20대 男,남성,1,0,0,0,1,https://www.hankyung.com/society/article/2020112517947
_,1100401.202,20201125,동아일보,"쌍둥이 데리고 극단적 선택 시도 엄마, 검찰 송치",여성,0,0,1,-1,0,https://www.donga.com/news/article/all/20201125/104148441/2
_,1100901.202,20201125,중앙일보,"""살인 안 들키는 법"" 검색  여친 잔혹 살해한 군인 징역 30년",남성,-1,0,0,1,0,https://news.joins.com/article/olink/23524756
_,1500601.202,20201125,매일신문,"새마을금고 살인사건, 수년간 쌓인 '증오의 종착역'",남성,1,0,0,0,1,https://news.imaeil.com/Society/2020112517030568554
_,1100611.202,20201125,서울신문,"모친 7살 아들 살해한 가장, 항소심서 형량 늘어 징역 17년",남성,0,0,0,0,0,http://www.seoul.co.kr/news/newsView.php?id=20201125500173
_,1100611.202,20201125,서울신문,헤어지자 했다고 휴가 나가 살해 현역 군인 징역 30년,남성,1,0,0,0,1,http://www.seoul.co.kr/news/newsView.php?id=20201125500156
_,1100701.202,20201125,세계일보,‘고무신 거꾸로 신었다’고 살해한 현역병 군법정 ‘징역 30년’ 선고,남성,1,0,0,0,1,http://www.segye.com/content/html/2020/11/25/20201125519734.html
_,1100701.202,20201125,세계일보,"이별통보한 여자친구 찾아가 살해한 현역 군인, 징역 30년 선고",남성,1,0,0,1,2,http://www.segye.com/content/html/2020/11/25/20201125519459.html
_,1500701.202,20201125,부산일보,이별통보 받고 휴가 나와 잔혹 살해 현역 병사 징역 30년,남성,1,-1,0,0,0,http://www.busan.com/view/busan/view.php?code=2020112516550659635
_,1100701.202,20201124,세계일보,"고유정 현 남편, 폭행 혐의 첫 공판서 “그 여자와 자꾸 얽히는 게 고통”",남성,1,0,0,0,1,http://www.segye.com/content/html/2020/11/23/20201123518844.html
_,2100201.202,20201124,머니투데이,"고유정, 이번엔 피해자로? 전남편 ""그 여자와 얽히는게 고통""",남성,1,0,0,0,1,http://news.moneytoday.co.kr/view/mtview.php?no=2020112410014012650&type=2
_,2100601.202,20201123,한국경제,"빨랫줄 때문에 삽으로 이웃 살해한 50대男, 2심서 징역 15년",남성,1,0,0,0,1,https://www.hankyung.com/society/article/2020112323517
_,1100901.202,20201123,중앙일보,"집유로 풀려난 '도끼 난동' 50대, 이번엔 이웃 찔러 죽였다",남성,0,0,0,0,0,https://news.joins.com/article/olink/23522748
_,1101101.202,20201123,한국일보,이웃 살해한 50대 남성 구속영장 3월엔 도끼난동 전력,남성,0,0,0,0,0,https://hankookilbo.com/News/Read/A2020112316050001213
_,1100611.202,20201123,서울신문,"‘도끼 난동’ 출소 후 50대 남성, 이번엔 이웃 살해",남성,0,0,0,0,0,http://www.seoul.co.kr/news/newsView.php?id=20201123500174
_,1100611.202,20201123,서울신문,고유정 전 남편 “그 여자와 얽매이는게 고통스러워”,남성,1,0,1,0,2,http://www.seoul.co.kr/news/newsView.php?id=20201123500126
_,1100701.202,20201123,세계일보,'도끼 난동'으로 재판받던 50대 이번엔 이웃 살해,남성,0,0,0,0,0,http://www.segye.com/content/html/2020/11/23/20201123518393.html
_,1100201.202,20201123,국민일보,60대 이웃 살해 50대 男 8달 전 ‘도끼 난동’ 벌였다,남성,0,0,0,0,0,http://news.kmib.co.kr/article/view.asp?arcid=0015247614&code=61121211&cp=kd
_,2100201.202,20201122,머니투데이,어린이공원에서 시비 끝에 행인 살해한 50대 '징역 15년',남성,1,0,0,0,1,http://news.moneytoday.co.kr/view/mtview.php?no=2020112213580891595&type=2
_,1100201.202,20201122,국민일보,성실하던 관리소장의 비극 입주민은 왜 흉기를 휘둘렀나,남성,1,0,1,0,2,http://news.kmib.co.kr/article/view.asp?arcid=0015243653&code=61121211&cp=kd
_,2100801.202,20201121,아시아경제,"휘발유 끼얹고 잔혹하게 부부 살해, '심신미약' 주장했지만 무기징역",여성,-1,-1,0,0,-2,https://www.asiae.co.kr/article/2020112112432766017
_,2100311.202,20201121,서울경제,"""계모 밑에서 자랐다고 무시"" 남편 살해한 40대 징역 10년",여성,1,0,0,0,1,http://www.sedaily.com/NewsView/1ZAHRP8HQ2
_,1700201.202,20201121,한라일보,동업자 부부 휘발유 끼얹고 불붙여 잔혹 살해,여성,-1,0,0,0,-1,http://www.ihalla.com/article.php?aid=1605924723696809120
_,7101201.202,20201121,디지털타임스,"동업자에 불만 휘발유 끼얹고 불붙여 부부 잔혹 살해한 60대 여성, 무기징역의 중형 선고 받아",여성,-1,-1,0,0,-2,http://www.dt.co.kr/contents.html?article_no=2020112102109958062004&ref=jeadan
_,1200101.202,20201120,경기일보,사형 달게 받겠다더니..무기징역 받자 항소한 최신종,남성,-1,-1,0,0,-2,www.kyeonggi.com/news/articleView.html?idxno=2329861
_,2100601.202,20201120,한국경제,"외도 의심해서 아내 직장상사 살해한 40대男, 징역 15년",남성,1,0,0,0,1,https://www.hankyung.com/society/article/2020112035907
_,2100601.202,20201120,한국경제,설악산 등산객 ‘묻지마 살인’ 20대에 사형 구형,남성,0,0,1,0,1,https://www.hankyung.com/society/article/2020112031947
_,2100601.202,20201120,한국경제,"부부싸움이 부부살인으로, 부산서 40대 남편 체포",남성,1,0,0,0,1,https://www.hankyung.com/society/article/2020112014477
_,2100801.202,20201120,아시아경제,"대구지법, '교제 거부' 여중생 살해 고교생에 징역 장기 12년 선고",남성,1,0,0,1,2,https://www.asiae.co.kr/article/2020112014340073538
_,1100611.202,20201120,서울신문,교제 거부했다고 여중생 살해한 16세 고교생 징역 5~12년,남성,1,0,0,1,2,http://www.seoul.co.kr/news/newsView.php?id=20201120500055
_,1100701.202,20201120,세계일보,교제 거부한 여중생 살해 고교생 징역 5~12년,남성,1,0,0,1,2,http://www.segye.com/content/html/2020/11/20/20201120511425.html
_,1100501.202,20201120,문화일보,교제 거부 이유 여중생 살해한 고교생에 징역형 선고,남성,1,0,0,1,2,http://www.munhwa.com/news/view.html?no=20201120MW140001853957
_,1500701.202,20201120,부산일보,"""왜 안 만나줘"" 여중생 살해하고 시신까지 모욕한 고교생",남성,1,0,0,1,2,http://www.busan.com/view/busan/view.php?code=2020112013283074024
_,2100201.202,20201120,머니투데이,교제 거부한 여중생 살해하고 시신까지 욕보인 고교생 징역 선고,남성,1,0,0,1,2,http://news.moneytoday.co.kr/view/mtview.php?no=2020112015064637732&type=2
_,2100201.202,20201120,머니투데이,"""교도소 가라"" 환청에 20년 복역 후 다시 강도질한 50대",남성,1,0,0,0,1,http://news.moneytoday.co.kr/view/mtview.php?no=2020112014160648308&type=2
_,1100201.202,20201120,국민일보,모유 먹다 질식사한 아기 친모 “고의 아냐” 법정 눈물,여성,1,0,0,0,1,http://news.kmib.co.kr/article/view.asp?arcid=0015240044&code=61121311&cp=kd
_,1100101.202,20201120,경향신문,“교제를 거부했다고” 여중생 살해한 고교생 징역 5~12년,남성,1,0,0,1,2,http://news.khan.co.kr/kh_news/khan_art_view.html?artid=202011201435011&code=940202
_,1300101.202,20201119,강원도민일보,"'진주 방화 살인' 안인득, 오늘 대법 선고",남성,-1,0,0,0,-1,www.kado.net/news/articleView.html?idxno=1048347
_,2100601.202,20201119,한국경제,신체 비하에 '욱'...술 마시던 이웃 2명 찌른 60대,남성,1,0,0,0,1,https://www.hankyung.com/society/article/2020111996937
_,8100201.202,20201119,MBC,"""평소처럼 한 건데 ""학대 부모의 황당한 변명",여성,0,-1,0,0,-1,https://imnews.imbc.com/replay/2020/nwtoday/article/5979455_32531.html
_,1100701.202,20201119,세계일보,생후 1개월 딸 살해해 3년간 방치한 40대 여성 징역 5년,여성,0,0,0,0,0,http://www.segye.com/content/html/2020/11/19/20201119518682.html
_,2100311.202,20201119,서울경제,"여행가방에 아동 감금 살해한 계모 ""다른 사람이 했으면 내가 신고""",여성,-1,0,0,0,-1,http://www.sedaily.com/NewsView/1ZAGUBHJX1
_,1100501.202,20201119,문화일보,의정부 모텔서 연인 살해한 40대 구속영장 청구,남성,0,0,0,0,0,http://www.munhwa.com/news/view.html?no=20201119MW140601150419
_,1400701.202,20201119,충청투데이,"항소한 '가방 감금살해' 계모 ""남이 그랬다면 신고 했을 것""",여성,-1,0,0,0,-1,http://www.cctoday.co.kr/news/articleView.html?idxno=2106995
_,1300101.202,20201118,강원도민일보,물고문에 폭행까지...친구 숨지게 한 4명 중형 확정,남성,-1,0,0,0,-1,www.kado.net/news/articleView.html?idxno=1048260
_,8100401.202,20201118,YTN,"아파트 입주자대표가 관리소장 살해...경찰, 구속영장 신청",남성,0,0,0,0,0,https://www.ytn.co.kr/_ln/0115_202011181648230273
_,8100401.202,20201118,YTN,80대 아버지 폭행해 숨지게 한 아들 검거,남성,0,0,0,0,0,https://www.ytn.co.kr/_ln/0115_202011181550038050
_,8100401.202,20201118,YTN,모친 폭행해 숨지게 한 30대 아들 체포,남성,0,0,0,0,0,https://www.ytn.co.kr/_ln/0115_202011180950347331
_,2100601.202,20201118,한국경제,관리비 때문에...아파트 관리소장 살해한 입주자대표 구속,남성,1,0,0,0,1,https://www.hankyung.com/society/article/2020111839867
_,1100401.202,20201118,동아일보,100㎏넘는 아들 목 졸라 살해한 76세 노모에 징역 20년 구형,여성,0,0,0,0,0,https://www.donga.com/news/article/all/20201118/104032713/2
_,1100801.202,20201118,조선일보,가방 감금 살해 40대 엄마 “남이 그랬다면 신고했을것”,여성,-1,0,0,0,-1,https://www.chosun.com/national/national_general/2020/11/18/6P3ZM7OQ3RAQNJKAFASVSQOHJE/?utm_source=bigkinds&utm_medium=original&utm_campaign=news
_,8100401.202,20201117,YTN,실종 전주 부산 여성 2명 잔혹 살해 최신종에 ‘무기징역’ 선고,남성,0,-1,0,1,0,https://www.ytn.co.kr/_ln/0103_202011170923322810
_,8100401.202,20201116,YTN,"검찰, '아내 살해 뒤 자수' 30대 남성 구속 기소",남성,0,0,0,0,0,https://www.ytn.co.kr/_ln/0115_202011161627392060
_,2100601.202,20201116,한국경제,김포 '아내 폭행 사망' 前 김포시의회 의장 징역 7년 확정,남성,0,0,1,1,2,https://www.hankyung.com/society/article/202011164004i
_,2100601.202,20201113,한국경제,화성 여성변사체 사건 17년 옥살이 60대 재심 청구 2심도 '기각',남성,0,0,1,1,2,https://www.hankyung.com/society/article/2020111369387
_,1100801.202,20201113,조선일보,"전 여친에 성범죄 저지른 친구 살해, 사적보복 30대 형량 늘어 징역 25년",남성,1,0,0,1,2,https://www.chosun.com/national/national_general/2020/11/13/26JWZ7F7PJFSBMX22QO64JNB7U/?utm_source=bigkinds&utm_medium=original&utm_campaign=news
_,8100401.202,20201112,YTN,"검찰, 세입자 때려 숨지게 한 80대에 징역 25년 구형",남성,0,0,0,0,0,https://www.ytn.co.kr/_ln/0115_202011121717393631
_,2100601.202,20201112,한국경제,성남 분당 한 아파트서 70대 여성 숨진 채 발견 용의자 검거,남성,0,0,1,1,2,https://www.hankyung.com/society/article/2020111237487
_,1200101.202,20201111,경기일보,"""신상공개 막아달라 했잖아"" '연쇄 살인' 최신종, 되레 큰소리",남성,-1,-1,0,0,-2,www.kyeonggi.com/news/articleView.html?idxno=2327608
_,1400501.202,20201111,중부일보,등산객 ‘묻지마 살인'에 무기징역 그는 사과하지 않았다,남성,0,-1,0,0,-1,www.joongboo.com/news/articleView.html?idxno=363455457
_,8100401.202,20201111,YTN,경비원 상습폭행 입주민 징역 5년,남성,0,0,0,0,0,https://www.ytn.co.kr/_ln/0115_202011111052006351
_,8100401.202,20201111,YTN,골프채로 때려 아내 죽었는데 前김포시의장 살인죄 면해,남성,0,-1,0,1,0,https://www.ytn.co.kr/_ln/0103_202011111638231855
_,1300101.202,20201110,강원도민일보,"""강서구 피시방 살인사건 아느냐"" 흉기 난동 40대, 2심 감형",남성,-1,0,0,0,-1,www.kado.net/news/articleView.html?idxno=1046973
_,8100401.202,20201110,YTN,"“내가 아내를 죽였다” 112에 신고 30대男, 경찰에 붙잡혀",남성,0,0,0,0,0,https://www.ytn.co.kr/_ln/0103_202011101336291459
_,2100601.202,20201110,한국경제,"""관리비 문제로 다퉜다""...아파트 입주자 대표가 여성 관리소장 살해",남성,1,0,0,1,2,https://www.hankyung.com/society/article/2020111055717
_,2100601.202,20201110,한국경제,"'화성 여성변사체 사건' 17년 수감생활 60대, 재심 기각",남성,0,0,1,1,2,https://www.hankyung.com/society/article/2020111046507
_,1100401.202,20201110,동아일보,'부천 링거 살인' 간호조무사 징역 30년 확정,여성,0,0,0,0,0,https://www.donga.com/news/article/all/20201110/103889537/2
_,1300101.202,20201109,강원도민일보,'화투판 살해 전과 45범' 60대 구속...혐의 부인,남성,-1,0,0,0,-1,www.kado.net/news/articleView.html?idxno=1046691
_,1400501.202,20201109,중부일보,가출팸 탈퇴에 보복 살해 '오산 백골 사건' 주범 징역 30년 확정,남성,0,0,0,0,0,www.joongboo.com/news/articleView.html?idxno=363454937
_,8100401.202,20201109,YTN,경찰이 풀어주자 이웃 2명 살해 ‘고스톱 살인’ 전과 45범 영장 신청,남성,0,0,0,0,0,https://www.ytn.co.kr/_ln/0103_202011091340022759
_,2100601.202,20201109,한국경제,"분당 아파트서 여성 2명 숨진 채 발견 ""용의자는 이웃주민""",남성,0,0,1,1,2,https://www.hankyung.com/society/article/2020110996397
_,2100601.202,20201109,한국경제,두 자녀 아내 숨지게 한 익산 40대 가장 구속,남성,0,0,1,1,2,https://www.hankyung.com/society/article/2020110987667
_,1100401.202,20201109,동아일보,'전남편 살해' 고유정 무기징역 확정...의붓아들 살해는 무죄,여성,-1,0,0,1,0,https://www.donga.com/news/article/all/20201109/103870984/2
_,1100401.202,20201109,동아일보,[속보] '전남편 살해 시신은닉' 고유정 무기징역 확정,여성,-1,0,0,1,0,https://www.donga.com/news/article/all/20201109/103867206/2
_,1400501.202,20201108,중부일보,"관리비 문제로 언쟁하던 관리소장 살해한 입주자대표, 구속영장 신청",남성,0,0,0,0,0,www.joongboo.com/news/articleView.html?idxno=363454711
_,2100601.202,20201108,한국경제,"'장롱 영아 시신' 20대 친모 동거인 살인 혐의 인정...""친모가 적극적으로 시켰다""",남성,1,0,0,1,2,https://www.hankyung.com/society/article/2020110874997
_,1200101.202,20201106,경기일보,[속보]전주 부산 여성 무참히 살해한 최신종 무기징역,남성,-1,-1,0,0,-2,www.kyeonggi.com/news/articleView.html?idxno=2326796
_,1300101.202,20201106,강원도민일보,'도끼 난동' 벌인 50대 남성 8개월 뒤 결국 살인 저질렀다,남성,0,-1,0,0,-1,www.kado.net/news/articleView.html?idxno=1046542
_,8100401.202,20201106,YTN,같은 병실 80대 살해한 20대 檢 송치,남성,0,0,0,0,0,https://www.ytn.co.kr/_ln/0115_202011061129457523
_,2100601.202,20201106,한국경제,"분당 아파트에서 숨진 채 발견된 여성 2명...경찰, 용의자 검거",남성,0,0,1,1,2,https://www.hankyung.com/society/article/2020110637667
_,1100401.202,20201106,동아일보,"검찰, 아들 목 졸라 살해한 70대 노모에 징역 20년 구형",여성,0,0,0,0,0,https://www.donga.com/news/article/all/20201106/103825802/1
_,1100801.202,20201106,조선일보,"""계모 밑에서 자랐다고 자꾸 무시해"" 남편 살해범 징역 10년",여성,1,0,0,1,2,https://www.chosun.com/national/regional/2020/11/06/2EI5DMDSJNBEXFJNPODFXLTP6I/?utm_source=bigkinds&utm_medium=original&utm_campaign=news
_,1400501.202,20201105,중부일보,분당 아파트 살인 혐의 피의자 구속영장,남성,0,0,0,0,0,www.joongboo.com/news/articleView.html?idxno=363454368
_,8100401.202,20201105,YTN,"괴산경찰서, 20대 살인 혐의로 긴급체포",남성,0,0,0,0,0,https://www.ytn.co.kr/_ln/0115_202011051750332829
_,8100401.202,20201105,YTN,"檢, 11년 지기 경찰친구 폭행 살해한 승무원 무기징역 구형",남성,0,0,0,0,0,https://www.ytn.co.kr/_ln/0115_202011051436216204
_,8100401.202,20201105,YTN,"전 여친 아버지 살해한 20대, 항소심서 3년 늘어난 징역 28년",남성,0,0,0,0,0,https://www.ytn.co.kr/_ln/0103_202011052317287237
_,8100401.202,20201105,YTN,옛 동서 살해 뒤 유기...60대 남성에 무기징역,남성,0,0,0,0,0,https://www.ytn.co.kr/_ln/0103_202011051539432149
_,8100401.202,20201105,YTN,아파트 입주자 대표가 관리소장 목 찔러 살해,남성,0,0,0,0,0,https://www.ytn.co.kr/_ln/0103_202011051020576930
_,1600801.202,20201105,전남일보,아파트 女관리소장 흉기 살해한 입주자 대표 경찰에 자수,남성,0,0,0,1,1,https://www.jnilbo.com/view/media/view?code=2020110510421029953
_,2100601.202,20201105,한국경제,교제 거부한 여중생 살해한 지적장애 고교생 징역 단기 5년,남성,1,0,0,1,2,https://www.hankyung.com/society/article/2020110587607
_,1100401.202,20201105,동아일보,"경찰, 영아 살해 혐의 30대 친모 구속...산후우울증 추정",여성,0,0,0,0,0,https://www.donga.com/news/article/all/20201105/103816866/2
_,1100401.202,20201105,동아일보,"모습 드러낸 을왕리 음주운전 가해자, 취재진 질문에...",여성,0,0,0,0,0,https://www.donga.com/news/article/all/20201105/103810816/1
_,1100401.202,20201105,동아일보,'부천 링거 살인사건' 간호조무사 항소심도 징역 30년,여성,0,0,0,0,0,https://www.donga.com/news/article/all/20201105/103809156/2
_,1100801.202,20201105,조선일보,"쌍둥이 자녀와 극단적 선택 시도 엄마, 병원 치료 중 도망갔다",여성,0,0,1,0,1,https://www.chosun.com/national/regional/honam/2020/11/05/BQLAPGHAKFAHJJQDR7SW2A3W5A/?utm_source=bigkinds&utm_medium=original&utm_campaign=news
_,1200101.202,20201103,경기일보,인제 '묻지마 살인' 무기징역 선고받은 20대 남성 항소장 제출,남성,0,0,0,-1,-1,www.kyeonggi.com/news/articleView.html?idxno=2326033
_,8100401.202,20201103,YTN,수원서 20대 여자친구 살해ㆍ시신 유기한 30대 긴급체포,남성,0,0,0,1,1,https://www.ytn.co.kr/_ln/0103_202011031337370942
_,1100401.202,20201103,동아일보,"고유정, 前남편 살해 무기징역 확정 의붓아들 사건 무죄",여성,-1,0,0,1,0,https://www.donga.com/news/article/all/20201103/103779291/2
_,8100401.202,20201102,YTN,고양 내연녀 살해 시신훼손한 30대 무기징역,남성,0,0,0,1,1,https://www.ytn.co.kr/_ln/0103_202011020650477727
_,1400551.202,20201102,충북일보,"""부축해줬는데 무시해"" 조현병 앓은 20대 같은 병실 치매환자 살해",남성,1,0,0,0,1,https://www.inews365.com/news/article.html?no=642378
_,2100601.202,20201102,한국경제,결혼할 여친 성폭행한 친구 살해 1심 징역20년→2심 25년,남성,1,0,0,1,2,https://www.hankyung.com/society/article/2020110265857
_,2100601.202,20201102,한국경제,"여친 성폭행한 30년 친구 살해 ""신체 훼손 당시 살아있었다""",남성,1,0,0,1,2,https://www.hankyung.com/society/article/2020110223837
_,2100601.202,20201102,한국경제,“나를 무시해서” 여자친구 살해 후 농수로에 버린 30대,남성,1,0,0,1,2,https://www.hankyung.com/society/article/202010307401i
_,1100801.202,20201102,조선일보,쌍둥이 자녀와 극단적 선택 시도한 어머니 검찰 송치,여성,0,0,1,0,1,https://www.chosun.com/national/regional/yeongnam/2020/11/02/U4YGWOSFSVBUPD2ATXWZT5IRYM/?utm_source=bigkinds&utm_medium=original&utm_campaign=news
_,1200101.202,20201030,경기일보,"""사회로부터 격리 불가피"" 인제 묻지마 살인사건 20대 '무기징역' 선고",남성,0,-1,0,0,-1,www.kyeonggi.com/news/articleView.html?idxno=2325492
_,1400501.202,20201030,중부일보,'인제 묻지마 살인' 피고인 무기징역 신고,남성,0,0,0,0,0,www.joongboo.com/news/articleView.html?idxno=363453253
_,8100401.202,20201030,YTN,"안성 ""주택 임차기간 두고 다투다가 "" 집주인 살해한 세입자 구속",남성,1,0,0,0,1,https://www.ytn.co.kr/_ln/0103_202010301847293940
_,1100401.202,20201030,동아일보,"중학생 아들 수면제 먹이고 살해 30대 엄마, 징역 16년",여성,0,0,0,0,0,https://www.donga.com/news/article/all/20201030/103707958/1
_,1100801.202,20201030,조선일보,초등생 쌍둥이 자녀와 극단적 선택 시도 30대 엄마 檢 송치,여성,0,0,1,0,1,https://www.chosun.com/national/regional/gyeonggi-incheon/2020/10/30/WNMLJZJTM5FWLOQ77NSKEYV46I/?utm_source=bigkinds&utm_medium=original&utm_campaign=news
_,1400501.202,20201029,중부일보,교제하던 여성 살해하고 시신 유기한 30대 남성 경찰에 붙잡혀,남성,0,0,0,0,0,www.joongboo.com/news/articleView.html?idxno=363453062
_,8100401.202,20201029,YTN,고양서 폭행으로 모친 살해한 30대 체포,남성,0,0,0,1,1,https://www.ytn.co.kr/_ln/0103_202010291708574873
_,8100401.202,20201029,YTN,안양 이별통보에 앙심 품고 연인 집 찾아가 살해한 20대 징역 30년,남성,1,0,0,0,1,https://www.ytn.co.kr/_ln/0103_202010291152498928
_,8100401.202,20201029,YTN,중환자실 입원 아내 인공호흡기 뗀 남편 실형,남성,0,0,1,0,1,https://www.ytn.co.kr/_ln/0103_202010290004374798
_,1100401.202,20201029,동아일보,"[속보] 법원, '동거남 아들 여행용가방 감금살해' 여성에 징역 22년",여성,0,0,0,0,0,https://www.donga.com/news/article/all/20201029/103694848/1
_,8100401.202,20201028,YTN,[속보] 쓰레기더미 훼손 시신 유기 용의자 체포 50대 남성,남성,0,0,1,-1,0,https://www.ytn.co.kr/_ln/0115_202010281353059191
_,8100401.202,20201028,YTN,주택 임차기간 임대료 두고 다투다가 집주인 죽인 세입자 구속,남성,1,0,0,0,1,https://www.ytn.co.kr/_ln/0103_202010281906443177
_,2100601.202,20201028,한국경제,아내 불륜 의심해 일가족 흉기로 찌른 50대 항소심서 징역 30년,남성,1,0,0,1,2,https://www.hankyung.com/society/article/2020102899427
_,1100801.202,20201028,조선일보,"법원, 산후 우울증으로 아이 살해한 친모에 집행유예 ""심신미약 참작""",여성,1,0,0,0,1,https://www.chosun.com/national/regional/yeongnam/2020/10/28/TJOQTYCNSZHV3NPNX34U6SBSIA/?utm_source=bigkinds&utm_medium=original&utm_campaign=news
_,1100801.202,20201028,조선일보,조현병 딸 23년간 돌보다 지쳐 결국 살해한 母 징역 4년,여성,1,0,0,0,1,https://www.chosun.com/national/regional/gyeonggi-incheon/2020/10/28/DF5LDAIITFFD5E4622J5MM4SZQ/?utm_source=bigkinds&utm_medium=original&utm_campaign=news
_,8100401.202,20201027,YTN,인천 한 아파트서 관리비 문제로 관리소장 살해한 입주자 대표 구속,남성,1,0,0,0,1,https://www.ytn.co.kr/_ln/0103_202010271423387168
_,2100601.202,20201027,한국경제,"양산 '시신 훼손 사건' 피해자, 피의자 동거녀 확인",남성,1,0,1,1,3,https://www.hankyung.com/society/article/202010272827i
_,8100401.202,20201026,YTN,아내 때려 숨지게 한 前김포시의장 징역 7년...살인죄 적용 안돼,남성,0,0,0,1,1,https://www.ytn.co.kr/_ln/0103_202010261344319322
_,1400551.202,20201026,충북일보,"노숙인에 호의 베풀다 살해당한 68세 노인  法 ""징역 18년"" 선고",남성,0,0,1,0,1,https://www.inews365.com/news/article.html?no=641469
_,2100601.202,20201026,한국경제,생후 1개월 딸 살해 후 3년 방치한 40대 여성 '징역 5년',여성,-1,-1,0,0,-2,https://www.hankyung.com/society/article/2020102616647
_,2100601.202,20201026,한국경제,휘발유로 동업자 부부 '화형'시킨 60대 여성 항소심서도 무기징역 선고,여성,-1,0,0,-1,-2,https://www.hankyung.com/society/article/2020102602987
_,1200101.202,20201023,경기일보,5년 전 친형 살해한 20대 출소 후 또다시 보험사기로 벌금형,남성,0,-1,0,0,-1,www.kyeonggi.com/news/articleView.html?idxno=2324074
_,8100401.202,20201023,YTN,"""왜 반말해"" 술자리서 말다툼하다 지인 살해한 60대 구속",남성,1,0,0,0,1,https://www.ytn.co.kr/_ln/0103_202010231531205134
_,2100601.202,20201023,한국경제,"'가방 학대 살해' 새엄마, 항소심에서도 살인 고의성 부인",여성,-1,-1,0,0,-2,https://www.hankyung.com/society/article/202010227438i
_,1400501.202,20201022,중부일보,직원 지속적으로 폭행하고 칼로 찌른 40대 업주 중형,남성,0,0,0,0,0,www.joongboo.com/news/articleView.html?idxno=363451671
_,8100401.202,20201022,YTN,"옛 여친 목졸라 살해 유기한 20대, 항소심도 중형",남성,0,0,0,1,1,https://www.ytn.co.kr/_ln/0103_202010221627054662
_,8100401.202,20201022,YTN,"""욕설했다""며 다른 배 선장에게 흉기 휘두른 60대 선원 체포",남성,1,0,0,0,1,https://www.ytn.co.kr/_ln/0103_202010221317455391
_,2100601.202,20201022,한국경제,생후 1개월 딸 살해하고 3년간 방치한 비정한 40대 엄마,여성,-1,-1,0,0,-2,https://www.hankyung.com/society/article/202010226304i
_,1100401.202,20201022,동아일보,“이혼 후 생활고로 우울증” 8살 아들 살해한 30대母,여성,1,0,0,-1,0,https://www.donga.com/news/article/all/20201022/103572768/2
_,2100601.202,20201021,한국경제,"'9살 여행가방 살해' 검찰도 항소 ""계모 징역 22년 가볍다""",여성,-1,-1,0,0,-2,https://www.hankyung.com/society/article/2020102117937
_,1200101.202,20201020,경기일보,말다툼 중 반말했다고 지인 살해한 60대 구속,남성,0,-1,0,0,-1,www.kyeonggi.com/news/articleView.html?idxno=2323244
_,1400501.202,20201020,중부일보,"화투치다가 이웃 살해한 60대 남성 구속... 법원 ""도주 우려 있어""",남성,0,0,0,0,0,www.joongboo.com/news/articleView.html?idxno=363451128
_,1400501.202,20201020,중부일보,술자리에서 지인에게 흉기 휘두른 60대...살인미수 혐의 체포,남성,0,0,0,0,0,www.joongboo.com/news/articleView.html?idxno=363451022
_,8100401.202,20201020,YTN,인제 '묻지마 살인' 20대男 1심 무기징역 판결 불복 항소,남성,0,0,0,0,0,https://www.ytn.co.kr/_ln/0115_202010201802333453
_,8100401.202,20201020,YTN,'무시해서...' 여자친구 살해 유기한 30대 남성 긴급 체포,남성,1,0,0,0,1,https://www.ytn.co.kr/_ln/0103_202010201546447046
_,2100601.202,20201020,한국경제,“피해 유가족에게 하고 싶은 말?” “...” 침묵일관 을왕리 음주운전자,여성,-1,-1,0,0,-2,https://www.hankyung.com/society/article/2020102002257
_,1100401.202,20201020,동아일보,"대법, ‘前남편 살해’ 혐의 고유정 무기징역 확정",여성,0,0,0,0,0,https://www.donga.com/news/article/all/20201020/103540456/2
_,1300101.202,20201019,강원도민일보,"등산객 묻지마 살인 20대男 '무기징역' ""200명은 죽여야""[종합]",남성,-1,0,0,0,-1,www.kado.net/news/articleView.html?idxno=1043940
_,8100401.202,20201019,YTN,'장롱 속 영아 시신' 20대 친모 동거인 징역 10년,남성,0,0,0,1,1,https://www.ytn.co.kr/_ln/0103_202010191846546694
_,2100601.202,20201019,한국경제,"사람 치고 변호사부터 찾은 '몰상식' ""을왕리 음주사고는 살인""",여성,-1,-1,0,0,-2,https://www.hankyung.com/society/article/2020101938437
_,1400501.202,20201018,중부일보,강원도 인제 '묻지마 살인' 20대 1심서 '무기징역' 선고,남성,0,0,0,0,0,www.joongboo.com/news/articleView.html?idxno=363450640
_,2100601.202,20201018,한국경제,치킨배달 가장 숨지게 하고 끝내 사과 없었다,여성,-1,-1,0,0,-2,https://www.hankyung.com/society/article/2020101801477
_,8100401.202,20201017,YTN,내연녀 살해 시신 훼손한 30대 1심 무기징역,남성,0,0,0,1,1,https://www.ytn.co.kr/_ln/0103_202010171034161679
_,1100401.202,20201017,동아일보,[속보]‘前남편 살해’ 고유정 무기징역 확정 의붓아들 사건은 무죄,여성,0,0,0,0,0,https://www.donga.com/news/article/all/20201017/103486562/2
_,1400501.202,20201012,중부일보,"인제 '묻지마 살인' 20대 내일 선고...검찰, 사형 구형",남성,0,0,0,0,0,www.joongboo.com/news/articleView.html?idxno=363449485
_,1400501.202,20201012,중부일보,전 여자친구 아버지 살해 20대 항소심서 징역 28년,남성,0,0,0,0,0,www.joongboo.com/news/articleView.html?idxno=363449405
_,8100401.202,20201012,YTN,임대료 다툼 끝에 집주인 숨지게 한 50대 세입자 구속,남성,1,0,0,0,1,https://www.ytn.co.kr/_ln/0103_202010121824194082
_,8100401.202,20201012,YTN,'오산 백골 사건' 주범 징역 30년 확정,남성,0,0,1,0,1,https://www.ytn.co.kr/_ln/0103_202010121510246690
_,1300101.202,20201007,강원도민일보,"인제 등산객 '묻지마 살인' 20대 사죄 없이 ""할 말 없다""",남성,-1,0,0,0,-1,www.kado.net/news/articleView.html?idxno=1042433
_,8100401.202,20201007,YTN,내연녀 토막살해 후 부인 동원해 시신유기까지 무기징역,남성,0,-1,0,1,0,https://www.ytn.co.kr/_ln/0115_202010070023447465
_,8100401.202,20201007,YTN,'부인 살해' 유승현 前 김포시의회 의장 징역 7년 확정,남성,0,0,0,1,1,https://www.ytn.co.kr/_ln/0103_202010070834317684
_,2100601.202,20201007,한국경제,[단독] 극단적 시도한 '인천 송도 쌍둥이 엄마' 병원서 도망쳤다가 붙잡혀,여성,-1,0,1,-1,-1,https://www.hankyung.com/society/article/2020100755937
_,2100601.202,20201007,한국경제,동업자 부부 살해한 60대 여성 2심도 무기징역,여성,0,0,0,-1,-1,https://www.hankyung.com/society/article/2020100726127
_,1100401.202,20201007,동아일보,‘前남편 살해 사체훼손’ 혐의 고유정 5일 대법원 선고,여성,0,0,0,0,0,https://www.donga.com/news/article/all/20201007/103287463/2
_,2100601.202,20201006,한국경제,'가방 감금 살해' 새엄마 항소심 오늘 첫 공판,여성,-1,0,0,0,-1,https://www.hankyung.com/society/article/2020100608047
_,1100401.202,20201006,동아일보,9세 아들 가방 가둬 숨지게한 계모 징역 22년,여성,0,0,0,0,0,https://www.donga.com/news/article/all/20201006/103272490/1
_,8100401.202,20201005,YTN,"""빨랫줄 끊었다"" 이웃 살해한 50대...2심 징역 15년",남성,1,0,0,0,1,https://www.ytn.co.kr/_ln/0103_202010051652397759
_,2100601.202,20201005,한국경제,"'가방 감금 살해' 새엄마, 1심 판결 불복해 항소",여성,-1,0,0,0,-1,https://www.hankyung.com/society/article/2020100562817
_,8100401.202,20201001,YTN,"""왜 반말해"" 말다툼하다 지인 살해한 60대 구속",남성,1,0,0,0,1,https://www.ytn.co.kr/_ln/0103_202010012220097995
_,8100401.202,20201001,YTN,'외도 의심' 부인 직장 상사 살해한 남편에 징역 15년 선고,남성,1,0,0,0,1,https://www.ytn.co.kr/_ln/0103_202010010911330181
_,2100601.202,20201001,한국경제,'가방 학대 살해' 새엄마 징역 22년...살인죄 인정,여성,-1,0,0,0,-1,https://www.hankyung.com/society/article/2020100176087
_,2100601.202,20201001,한국경제,'아들 가방 감금 살해' 새엄마 징역 22년 선고...살인죄 적용,여성,-1,0,0,0,-1,https://www.hankyung.com/society/article/2020100174747
_,1300101.202,20200930,강원도민일보,흉기 준비해 살인해놓고 심신미약 주장 징역 20년 확정,남성,0,-1,0,0,-1,www.kado.net/news/articleView.html?idxno=1041860
_,8100401.202,20200927,YTN,"'아내 살해 뒤 자수' 30대, 구속 상태로 검찰 송치",남성,0,0,0,1,1,https://www.ytn.co.kr/_ln/0103_202009271502464072
_,1200101.202,20200926,경기일보,"강원도 인제 '묻지마 살인' 20대 항소장 제출...""무기징역 부당""",남성,-1,0,0,0,-1,www.kyeonggi.com/news/articleView.html?idxno=2319640
_,1200101.202,20200925,경기일보,[속보] 연쇄 살인 시체 유기' 최신종 1심서 무기징역형,남성,-1,0,0,0,-1,www.kyeonggi.com/news/articleView.html?idxno=2319357
_,1400501.202,20200925,중부일보,이웃집 요양사 흉기로 찔러 살해한 50대에 징역 25년 구형,남성,0,0,0,0,0,www.joongboo.com/news/articleView.html?idxno=363447194
_,8100401.202,20200924,YTN,"""내연관계 들통 날까"" 교통사고로 위장해 살해...중형 확정",남성,1,0,0,0,1,https://www.ytn.co.kr/_ln/0103_202009242106321008
_,8100401.202,20200924,YTN,부동산 사기 피해자 교통사고 위장해 살해...중형 확정,남성,1,0,0,0,1,https://www.ytn.co.kr/_ln/0103_202009241134151332
_,2100601.202,20200924,한국경제,'가방 학대 살해' 새엄마 1심에서 징역 22년 선고...살인죄 인정,여성,-1,0,0,0,-1,https://www.hankyung.com/society/article/2020092489367
_,2100601.202,20200924,한국경제,"항소심 도중 성인 된 '딸 살해' 엄마...""형량 가중할 수 있다""",여성,-1,0,0,0,-1,https://www.hankyung.com/society/article/202009245908i
_,8100401.202,20200923,YTN,안 만나주는 옛 애인 위치추적 끝에 살해한 남성 징역 22년,남성,1,0,0,0,1,https://www.ytn.co.kr/_ln/0103_202009231930513369
_,1200101.202,20200922,경기일보,"'연쇄살인범' 최신종 사형 구형...""사회에서 격리해야""",남성,0,-1,0,0,-1,www.kyeonggi.com/news/articleView.html?idxno=2318771
_,1400501.202,20200922,중부일보,동거녀 만난 이웃 남성 살해...징역 20년 확정,남성,0,0,0,0,0,www.joongboo.com/news/articleView.html?idxno=363446537
_,8100401.202,20200922,YTN,아내 살해 뒤 자진 신고한 30대 구속,남성,0,0,0,1,1,https://www.ytn.co.kr/_ln/0103_202009221834395058
_,8100401.202,20200922,YTN,'아내 살해 뒤 도주' 30대 구속영장 신청,남성,0,0,0,1,1,https://www.ytn.co.kr/_ln/0103_202009221814438143
_,8100401.202,20200922,YTN,"""아내 살해 뒤 도주"" 자진 신고한 30대 체포",남성,0,0,0,1,1,https://www.ytn.co.kr/_ln/0103_202009221812497065
_,1100401.202,20200922,동아일보,투자손실 이유 동업자 부부 살해 60대 항소심도 무기징역,여성,1,0,0,0,1,https://www.donga.com/news/article/all/20200922/103051437/2
_,1100401.202,20200922,동아일보,"의정부경찰서, 50대 동거남 살해한 A씨에 구속영장 신청",여성,0,0,0,1,1,https://www.donga.com/news/article/all/20200922/103041321/1
_,1200101.202,20200921,경기일보,50대 등산객 '이유 없는 살인' 20대에 사형 구형,남성,-1,0,0,0,-1,www.kyeonggi.com/news/articleView.html?idxno=2318360
_,2100601.202,20200921,한국경제,"시민단체, '치킨 배달 가장 참변' 벤츠 음주운전자 살인죄로 고발",여성,-1,0,0,0,-1,https://www.hankyung.com/society/article/2020092128577
_,1300101.202,20200920,강원도민일보,"아파트 방화살인범 안인득 대법, 무기징역 최종 확정",남성,-1,0,0,0,-1,www.kado.net/news/articleView.html?idxno=1040380
_,1400501.202,20200920,중부일보,어깨 부딪힌 상대에 흉기 휘두른 30대에 영장 신청,남성,0,0,0,0,0,www.joongboo.com/news/articleView.html?idxno=363445924
_,8100401.202,20200920,YTN,이별 통보한 여자친구 살해한 20대 남성 징역 30년,남성,1,0,0,0,1,https://www.ytn.co.kr/_ln/0103_202009202242025875
_,2100601.202,20200920,한국경제,"9살아이 가방감금 살해 계모 ""타인이 그랬다면 신고했을 것""",여성,-1,0,0,0,-1,https://www.hankyung.com/society/article/2020092095807
_,8100401.202,20200918,YTN,"""기억 안난다"" 여성 2명 살해 시신 유기 최신종 '무기징역'",남성,-1,0,0,1,0,https://www.ytn.co.kr/_ln/0115_202009181706477707
_,8100401.202,20200918,YTN,"""식당 주인 말투 맘에 안들어""...다짜고짜 흉기 휘두른 남성 징역 5년 선고",남성,1,0,0,0,1,https://www.ytn.co.kr/_ln/0103_202009182111463031
_,1100401.202,20200918,동아일보,"""술 마시면 제정신 아냐"" 아들 목 졸라 살해한 76세 노모에 징역 20년",여성,1,0,0,0,1,https://www.donga.com/news/article/all/20200918/103005162/2
_,1100801.202,20200918,조선일보,“고의 아냐” 9세 아이 가방 감금 살해 계모 항소,여성,1,0,0,0,1,https://www.chosun.com/national/regional/chungcheong/2020/09/18/7KWJYS3TIJEDLM2HIBR3N4RJFM/?utm_source=bigkinds&utm_medium=original&utm_campaign=news
_,1200101.202,20200917,경기일보,보험금 노리고 의붓아들 살해한 계부 무기징역 확정,남성,-1,0,0,0,-1,www.kyeonggi.com/news/articleView.html?idxno=2317724
_,1400501.202,20200917,중부일보,아파트 관리소장 흉기로 숨지게 한 입주자 대표 구속,남성,0,0,0,0,0,www.joongboo.com/news/articleView.html?idxno=363445582
_,1100401.202,20200917,동아일보,"""관계 정리하자""는 연인 살해한 50대 징역 20년",여성,1,0,0,0,1,https://www.donga.com/news/article/all/20200917/102972242/1
_,8100401.202,20200916,YTN,'가출팸' 동거 미성년자 살해 후 암매장한 20대 징역 30년 확정,남성,0,0,0,0,0,https://www.ytn.co.kr/_ln/0115_202009162223463689
_,8100401.202,20200916,YTN,"직업학교 동기 구타 괴롭힘에 18세 사망 法 ""주도자 징역 18년""",남성,0,0,0,0,0,https://www.ytn.co.kr/_ln/0115_202009161559051573
_,8100401.202,20200916,YTN,성범죄 피해자 찾아 흉기 휘두른 40대 男 '살인미수' 검거,남성,0,0,0,0,0,https://www.ytn.co.kr/_ln/0115_202009161523041232
_,8100401.202,20200916,YTN,인터넷 선 차단에 항의한 70대 여성 살해한 50대 구속,남성,0,0,0,1,1,https://www.ytn.co.kr/_ln/0103_202009161955210769
_,8100401.202,20200916,YTN,옛 동서 살해 후 시신 훼손해 트렁크에 유기한 60대 무기징역,남성,0,0,0,1,1,https://www.ytn.co.kr/_ln/0103_202009161654550131
_,2100601.202,20200916,한국경제,"9살아들 가방 감금살해 계모 ""징역 22년 과해"" 다음달 항소심",여성,-1,0,0,0,-1,https://www.hankyung.com/society/article/2020091673677
_,2100601.202,20200916,한국경제,한달 된 영아 살해 혐의 30대 친모 구속 경제적 문제 등 추정,여성,-1,0,0,0,-1,https://www.hankyung.com/society/article/2020091666077
_,1100401.202,20200915,동아일보,"""틀니 숨겨서 화나""...경찰, 동거남 잔혹 살해한 50대에 영장",여성,1,-1,0,1,1,https://www.donga.com/news/article/all/20200915/102933249/1
_,1100801.202,20200915,조선일보,"조현병 딸 23년 돌보다 우발적으로 살해한 엄마, 1심서 징역 4년",여성,1,0,0,0,1,https://www.chosun.com/national/regional/yeongnam/2020/09/15/X6K7GGRDYVACVMJ4UBSFYZZ7KQ/?utm_source=bigkinds&utm_medium=original&utm_campaign=news
_,8100401.202,20200914,YTN,"'빚 독촉'에 모친 아들 살해 40대 가장 ""항소심서 징역 17년""",남성,1,0,0,0,1,https://www.ytn.co.kr/_ln/0103_202009141629116628
_,8100401.202,20200914,YTN,"술 취해 십수년 알고 지낸 지인 살해한 50대男 ""술 끊겠다""",남성,1,0,0,0,1,https://www.ytn.co.kr/_ln/0103_202009141049315804
_,2100601.202,20200914,한국경제,"""잔혹한 범행"" 동거남 아들 가방감금 살인에 징역 22년[종합]",여성,-1,-1,0,1,-1,https://www.hankyung.com/society/article/202009147979h
_,2100601.202,20200914,한국경제,9살 여행가방 감금 살해 계모 “남이 그랬다면 신고했을 것” 궤변,여성,0,-1,0,0,-1,https://www.hankyung.com/life/article/2020091474007
_,2100601.202,20200914,한국경제,"“내가 아들 죽였다” 70대 노모에 ‘무죄’ 선고한 재판부, 왜?",여성,0,-1,0,0,-1,https://www.hankyung.com/life/article/2020091472077
_,1200101.202,20200912,경기일보,"'22명 사상' 진주 방화 살인 안인득, 무기징역 확정",남성,-1,0,0,0,-1,www.kyeonggi.com/news/articleView.html?idxno=2316787
_,1300101.202,20200911,강원도민일보,"‘진주 아파트 방화 살인’ 안인득 대법, 무기징역 확정",남성,-1,0,0,0,-1,www.kado.net/news/articleView.html?idxno=1039336
_,8100401.202,20200911,YTN,"고유정 의붓아들 친부 ""당시 경찰이 사건 은폐 감찰 요청""",남성,1,0,0,0,1,https://www.ytn.co.kr/_ln/0103_202009111846073011
_,8100401.202,20200911,YTN,"부부싸움 중 아내 둔기 살해 40대男 자수, ""반려견은 왜 """,남성,1,0,0,0,1,https://www.ytn.co.kr/_ln/0103_202009111522300718
_,2100601.202,20200911,한국경제,"""숨 못쉬겠다"" '치킨배달 참변' 음주운전자 호흡곤란 호소",여성,-1,-1,1,0,-1,https://www.hankyung.com/society/article/2020091103397
_,1100801.202,20200911,조선일보,동거남 어머니 농약 먹이려던 50대 입건,여성,0,0,1,1,2,https://www.chosun.com/national/regional/chungcheong/2020/09/11/OVBDEAOB5RGC5GNKXEOQE47E2A/?utm_source=bigkinds&utm_medium=original&utm_campaign=news
